<PAMDataset>
  <Metadata domain="Esri">
    <MDI key="PyramidResamplingType">NEAREST</MDI>
  </Metadata>
  <PAMRasterBand band="1">
    <Histograms>
      <HistItem>
        <HistMin>0.2953386306762695</HistMin>
        <HistMax>0.3336542248725891</HistMax>
        <BucketCount>256</BucketCount>
        <IncludeOutOfRange>1</IncludeOutOfRange>
        <Approximate>0</Approximate>
        <HistCounts>1|0|0|0|0|0|0|0|1|0|0|0|0|0|0|0|0|0|0|0|0|0|0|0|0|0|0|0|0|0|0|0|0|0|0|0|0|0|1|0|0|0|0|0|0|0|0|0|0|0|0|0|0|0|0|1|0|0|0|0|0|0|0|0|0|0|0|0|0|0|0|0|0|0|1|0|0|0|0|0|0|0|0|0|0|0|0|0|0|0|0|0|0|0|0|0|0|0|0|0|0|0|0|0|0|0|0|0|0|0|0|0|0|0|0|0|0|0|0|0|0|0|0|0|0|0|0|0|0|0|0|0|0|0|0|0|0|0|0|1|0|0|0|0|0|0|0|0|0|0|0|0|0|0|0|0|0|0|0|0|0|0|0|0|0|0|0|0|0|0|0|0|0|0|0|0|0|0|0|0|0|0|0|0|0|0|0|0|0|0|0|0|0|0|0|0|0|0|0|0|0|0|0|0|0|0|0|0|0|0|0|0|0|0|0|0|0|0|0|0|0|0|0|0|0|0|0|0|2|0|0|0|0|0|0|0|0|0|0|0|0|0|0|0|0|0|0|0|1|0|0|0|0|0|0|1</HistCounts>
      </HistItem>
    </Histograms>
    <Metadata>
      <MDI key="RepresentationType">ATHEMATIC</MDI>
      <MDI key="STATISTICS_COVARIANCES">0.000245225633475253</MDI>
      <MDI key="STATISTICS_MAXIMUM">0.33365422487259</MDI>
      <MDI key="STATISTICS_MEAN">0.31454286277294</MDI>
      <MDI key="STATISTICS_MINIMUM">0.29533863067627</MDI>
      <MDI key="STATISTICS_SKIPFACTORX">1</MDI>
      <MDI key="STATISTICS_SKIPFACTORY">1</MDI>
      <MDI key="STATISTICS_STDDEV">0.015659681780779</MDI>
    </Metadata>
  </PAMRasterBand>
  <PAMRasterBand band="2">
    <Histograms>
      <HistItem>
        <HistMin>0.3541086614131928</HistMin>
        <HistMax>0.3944634199142456</HistMax>
        <BucketCount>256</BucketCount>
        <IncludeOutOfRange>1</IncludeOutOfRange>
        <Approximate>0</Approximate>
        <HistCounts>1|0|0|0|0|0|1|0|0|0|0|0|0|0|0|0|0|0|0|0|0|0|0|0|0|0|0|0|0|0|0|0|0|0|0|0|0|0|0|0|0|0|0|0|0|0|0|0|0|0|0|0|0|0|0|0|0|0|0|0|0|0|0|0|0|0|0|1|0|0|0|0|0|0|0|0|0|0|0|0|0|0|0|0|0|0|0|0|0|0|0|0|0|0|0|0|0|0|0|0|0|0|0|0|0|0|0|0|0|0|0|0|0|0|0|0|0|0|0|0|0|0|0|0|0|0|0|0|0|0|0|0|0|0|0|0|0|0|0|0|0|0|0|0|0|0|0|0|0|0|0|0|0|0|0|0|0|0|0|0|1|0|0|0|0|0|1|0|0|0|0|0|1|0|0|0|0|0|0|0|0|0|0|0|0|0|0|0|0|0|0|0|0|0|0|0|0|0|0|0|0|0|1|0|0|0|0|0|0|0|0|0|0|0|0|0|0|0|0|0|0|0|0|0|2|0|0|0|0|0|0|0|0|0|0|0|0|0|0|0|0|0|0|0|0|0|0|0|0|0|0|0|0|0|0|1</HistCounts>
      </HistItem>
    </Histograms>
    <Metadata>
      <MDI key="RepresentationType">ATHEMATIC</MDI>
      <MDI key="STATISTICS_COVARIANCES">0.0002102658478462497</MDI>
      <MDI key="STATISTICS_MAXIMUM">0.39446341991425</MDI>
      <MDI key="STATISTICS_MEAN">0.3775442391634</MDI>
      <MDI key="STATISTICS_MINIMUM">0.35410866141319</MDI>
      <MDI key="STATISTICS_SKIPFACTORX">1</MDI>
      <MDI key="STATISTICS_SKIPFACTORY">1</MDI>
      <MDI key="STATISTICS_STDDEV">0.014500546467159</MDI>
    </Metadata>
  </PAMRasterBand>
  <PAMRasterBand band="3">
    <Histograms>
      <HistItem>
        <HistMin>0.1674883812665939</HistMin>
        <HistMax>0.2610825896263123</HistMax>
        <BucketCount>256</BucketCount>
        <IncludeOutOfRange>1</IncludeOutOfRange>
        <Approximate>0</Approximate>
        <HistCounts>1|0|0|0|0|0|0|0|0|0|0|0|0|0|0|0|0|0|0|0|0|0|0|0|0|0|0|0|0|1|1|0|0|0|0|0|0|0|0|0|0|0|0|0|0|0|0|0|0|0|0|0|2|0|0|0|0|0|0|0|0|0|0|0|0|1|0|0|0|0|0|0|0|0|0|0|0|0|0|0|0|0|0|0|0|0|0|0|0|0|0|0|0|0|0|0|0|0|0|0|0|0|0|0|0|0|0|0|0|0|0|0|0|0|0|0|0|0|0|0|0|0|0|0|0|1|0|0|0|0|0|0|0|0|0|0|0|0|0|0|0|0|0|0|0|0|0|0|0|0|0|0|0|0|0|1|0|0|0|0|0|0|0|0|0|0|0|0|0|0|0|0|0|0|0|0|0|0|0|0|0|0|0|0|0|0|0|0|0|0|0|0|0|0|0|0|0|0|0|0|0|0|0|0|0|0|0|0|0|0|0|0|0|0|0|0|0|0|0|0|0|0|0|0|0|0|0|0|0|0|0|0|0|0|0|0|0|0|0|0|1|0|0|0|0|0|0|0|0|0|0|0|0|0|0|1</HistCounts>
      </HistItem>
    </Histograms>
    <Metadata>
      <MDI key="RepresentationType">ATHEMATIC</MDI>
      <MDI key="STATISTICS_COVARIANCES">0.001092385117129615</MDI>
      <MDI key="STATISTICS_MAXIMUM">0.26108258962631</MDI>
      <MDI key="STATISTICS_MEAN">0.20443189591169</MDI>
      <MDI key="STATISTICS_MINIMUM">0.16748838126659</MDI>
      <MDI key="STATISTICS_SKIPFACTORX">1</MDI>
      <MDI key="STATISTICS_SKIPFACTORY">1</MDI>
      <MDI key="STATISTICS_STDDEV">0.033051249857299</MDI>
    </Metadata>
  </PAMRasterBand>
  <PAMRasterBand band="4">
    <Histograms>
      <HistItem>
        <HistMin>2003057</HistMin>
        <HistMax>2019321</HistMax>
        <BucketCount>256</BucketCount>
        <IncludeOutOfRange>1</IncludeOutOfRange>
        <Approximate>0</Approximate>
        <HistCounts>1|0|0|0|0|0|0|0|0|0|0|0|0|0|0|0|0|0|0|0|0|0|0|0|0|0|0|0|0|0|0|1|0|0|0|0|0|0|0|0|0|0|0|0|0|0|0|0|0|0|0|1|0|0|0|0|0|0|0|0|0|0|0|0|0|0|0|0|0|0|0|0|0|0|0|0|0|0|0|0|0|0|0|0|0|0|0|0|0|0|0|0|0|1|0|0|0|0|0|0|0|0|0|0|0|0|0|0|0|0|0|0|0|0|0|0|0|0|0|0|0|0|0|0|0|3|0|0|0|0|0|0|0|0|0|0|0|0|0|0|0|0|0|1|0|0|0|0|0|0|0|0|0|0|0|0|0|0|0|0|0|0|0|0|0|0|0|0|0|0|0|0|0|0|0|0|0|0|0|0|0|0|0|0|0|0|0|0|0|0|0|0|0|0|0|0|0|0|0|0|0|0|0|0|0|0|0|0|0|0|0|0|0|0|0|0|0|0|0|0|0|0|0|0|0|0|0|0|0|0|0|0|0|0|0|0|0|0|0|0|0|0|0|0|0|0|0|0|0|0|0|0|0|0|0|2</HistCounts>
      </HistItem>
    </Histograms>
    <Metadata>
      <MDI key="RepresentationType">ATHEMATIC</MDI>
      <MDI key="STATISTICS_COVARIANCES">29275634.48888901</MDI>
      <MDI key="STATISTICS_MAXIMUM">2019321</MDI>
      <MDI key="STATISTICS_MEAN">2010750.6</MDI>
      <MDI key="STATISTICS_MINIMUM">2003057</MDI>
      <MDI key="STATISTICS_SKIPFACTORX">1</MDI>
      <MDI key="STATISTICS_SKIPFACTORY">1</MDI>
      <MDI key="STATISTICS_STDDEV">5410.6963035167</MDI>
    </Metadata>
  </PAMRasterBand>
  <PAMRasterBand band="5">
    <Histograms>
      <HistItem>
        <HistMin>2003121</HistMin>
        <HistMax>2020001</HistMax>
        <BucketCount>256</BucketCount>
        <IncludeOutOfRange>1</IncludeOutOfRange>
        <Approximate>0</Approximate>
        <HistCounts>1|0|0|0|0|0|0|0|0|0|0|0|0|0|0|0|0|0|0|0|0|0|0|0|0|0|0|0|0|0|1|0|0|0|0|0|0|0|0|0|0|0|0|0|0|0|0|0|0|0|0|0|0|0|0|0|0|0|1|0|0|0|0|0|0|0|0|0|0|0|0|0|0|0|0|0|0|0|0|0|0|0|0|0|0|0|0|0|0|1|0|0|0|0|0|0|0|0|0|0|0|0|0|0|0|0|0|0|0|0|0|0|0|0|0|0|0|0|0|0|3|0|0|0|0|0|0|0|0|0|0|0|0|0|0|0|0|0|1|0|0|0|0|0|0|0|0|0|0|0|0|0|0|0|0|0|0|0|0|0|0|0|0|0|0|0|0|0|0|0|0|0|0|0|0|0|0|0|0|0|0|0|0|0|0|0|0|0|0|0|0|0|0|0|0|0|0|0|0|0|0|0|0|0|0|0|0|0|0|0|0|0|0|0|0|0|0|0|0|0|0|0|0|0|0|0|0|0|0|0|0|0|0|0|0|0|0|0|0|0|0|0|0|0|0|0|0|0|0|0|0|0|0|0|0|2</HistCounts>
      </HistItem>
    </Histograms>
    <Metadata>
      <MDI key="RepresentationType">ATHEMATIC</MDI>
      <MDI key="STATISTICS_COVARIANCES">31109529.60000027</MDI>
      <MDI key="STATISTICS_MAXIMUM">2020001</MDI>
      <MDI key="STATISTICS_MEAN">2010991.4</MDI>
      <MDI key="STATISTICS_MINIMUM">2003121</MDI>
      <MDI key="STATISTICS_SKIPFACTORX">1</MDI>
      <MDI key="STATISTICS_SKIPFACTORY">1</MDI>
      <MDI key="STATISTICS_STDDEV">5577.591738376</MDI>
    </Metadata>
  </PAMRasterBand>
  <PAMRasterBand band="6">
    <Metadata>
      <MDI key="RepresentationType">ATHEMATIC</MDI>
    </Metadata>
  </PAMRasterBand>
  <PAMRasterBand band="7">
    <Metadata>
      <MDI key="RepresentationType">ATHEMATIC</MDI>
    </Metadata>
  </PAMRasterBand>
  <PAMRasterBand band="8">
    <Metadata>
      <MDI key="RepresentationType">ATHEMATIC</MDI>
    </Metadata>
  </PAMRasterBand>
  <PAMRasterBand band="9">
    <Metadata>
      <MDI key="RepresentationType">ATHEMATIC</MDI>
    </Metadata>
  </PAMRasterBand>
  <PAMRasterBand band="10">
    <Metadata>
      <MDI key="RepresentationType">ATHEMATIC</MDI>
    </Metadata>
  </PAMRasterBand>
  <PAMRasterBand band="11">
    <Metadata>
      <MDI key="RepresentationType">ATHEMATIC</MDI>
    </Metadata>
  </PAMRasterBand>
  <PAMRasterBand band="12">
    <Metadata>
      <MDI key="RepresentationType">ATHEMATIC</MDI>
    </Metadata>
  </PAMRasterBand>
  <PAMRasterBand band="13">
    <Metadata>
      <MDI key="RepresentationType">ATHEMATIC</MDI>
    </Metadata>
  </PAMRasterBand>
  <PAMRasterBand band="14">
    <Metadata>
      <MDI key="RepresentationType">ATHEMATIC</MDI>
    </Metadata>
  </PAMRasterBand>
  <PAMRasterBand band="15">
    <Metadata>
      <MDI key="RepresentationType">ATHEMATIC</MDI>
    </Metadata>
  </PAMRasterBand>
  <PAMRasterBand band="16">
    <Metadata>
      <MDI key="RepresentationType">ATHEMATIC</MDI>
    </Metadata>
  </PAMRasterBand>
  <PAMRasterBand band="17">
    <Metadata>
      <MDI key="RepresentationType">ATHEMATIC</MDI>
    </Metadata>
  </PAMRasterBand>
  <PAMRasterBand band="18">
    <Metadata>
      <MDI key="RepresentationType">ATHEMATIC</MDI>
    </Metadata>
  </PAMRasterBand>
  <PAMRasterBand band="19">
    <Metadata>
      <MDI key="RepresentationType">ATHEMATIC</MDI>
    </Metadata>
  </PAMRasterBand>
  <PAMRasterBand band="20">
    <Metadata>
      <MDI key="RepresentationType">ATHEMATIC</MDI>
    </Metadata>
  </PAMRasterBand>
  <PAMRasterBand band="21">
    <Metadata>
      <MDI key="RepresentationType">ATHEMATIC</MDI>
    </Metadata>
  </PAMRasterBand>
  <PAMRasterBand band="22">
    <Metadata>
      <MDI key="RepresentationType">ATHEMATIC</MDI>
    </Metadata>
  </PAMRasterBand>
  <PAMRasterBand band="23">
    <Metadata>
      <MDI key="RepresentationType">ATHEMATIC</MDI>
    </Metadata>
  </PAMRasterBand>
  <PAMRasterBand band="24">
    <Metadata>
      <MDI key="RepresentationType">ATHEMATIC</MDI>
    </Metadata>
  </PAMRasterBand>
  <PAMRasterBand band="25">
    <Metadata>
      <MDI key="RepresentationType">ATHEMATIC</MDI>
    </Metadata>
  </PAMRasterBand>
  <PAMRasterBand band="26">
    <Metadata>
      <MDI key="RepresentationType">ATHEMATIC</MDI>
    </Metadata>
  </PAMRasterBand>
  <PAMRasterBand band="27">
    <Metadata>
      <MDI key="RepresentationType">ATHEMATIC</MDI>
    </Metadata>
  </PAMRasterBand>
  <PAMRasterBand band="28">
    <Metadata>
      <MDI key="RepresentationType">ATHEMATIC</MDI>
    </Metadata>
  </PAMRasterBand>
  <PAMRasterBand band="29">
    <Metadata>
      <MDI key="RepresentationType">ATHEMATIC</MDI>
    </Metadata>
  </PAMRasterBand>
  <PAMRasterBand band="30">
    <Metadata>
      <MDI key="RepresentationType">ATHEMATIC</MDI>
    </Metadata>
  </PAMRasterBand>
  <PAMRasterBand band="31">
    <Metadata>
      <MDI key="RepresentationType">ATHEMATIC</MDI>
    </Metadata>
  </PAMRasterBand>
  <PAMRasterBand band="32">
    <Metadata>
      <MDI key="RepresentationType">ATHEMATIC</MDI>
    </Metadata>
  </PAMRasterBand>
  <PAMRasterBand band="33">
    <Metadata>
      <MDI key="RepresentationType">ATHEMATIC</MDI>
    </Metadata>
  </PAMRasterBand>
  <PAMRasterBand band="34">
    <Metadata>
      <MDI key="RepresentationType">ATHEMATIC</MDI>
    </Metadata>
  </PAMRasterBand>
  <PAMRasterBand band="35">
    <Metadata>
      <MDI key="RepresentationType">ATHEMATIC</MDI>
    </Metadata>
  </PAMRasterBand>
  <PAMRasterBand band="36">
    <Metadata>
      <MDI key="RepresentationType">ATHEMATIC</MDI>
    </Metadata>
  </PAMRasterBand>
  <PAMRasterBand band="37">
    <Metadata>
      <MDI key="RepresentationType">ATHEMATIC</MDI>
    </Metadata>
  </PAMRasterBand>
  <PAMRasterBand band="38">
    <Metadata>
      <MDI key="RepresentationType">ATHEMATIC</MDI>
    </Metadata>
  </PAMRasterBand>
  <PAMRasterBand band="39">
    <Metadata>
      <MDI key="RepresentationType">ATHEMATIC</MDI>
    </Metadata>
  </PAMRasterBand>
  <PAMRasterBand band="40">
    <Metadata>
      <MDI key="RepresentationType">ATHEMATIC</MDI>
    </Metadata>
  </PAMRasterBand>
  <PAMRasterBand band="41">
    <Metadata>
      <MDI key="RepresentationType">ATHEMATIC</MDI>
    </Metadata>
  </PAMRasterBand>
  <PAMRasterBand band="42">
    <Metadata>
      <MDI key="RepresentationType">ATHEMATIC</MDI>
    </Metadata>
  </PAMRasterBand>
  <PAMRasterBand band="43">
    <Metadata>
      <MDI key="RepresentationType">ATHEMATIC</MDI>
    </Metadata>
  </PAMRasterBand>
  <PAMRasterBand band="44">
    <Metadata>
      <MDI key="RepresentationType">ATHEMATIC</MDI>
    </Metadata>
  </PAMRasterBand>
  <PAMRasterBand band="45">
    <Metadata>
      <MDI key="RepresentationType">ATHEMATIC</MDI>
    </Metadata>
  </PAMRasterBand>
  <PAMRasterBand band="46">
    <Metadata>
      <MDI key="RepresentationType">ATHEMATIC</MDI>
    </Metadata>
  </PAMRasterBand>
  <PAMRasterBand band="47">
    <Metadata>
      <MDI key="RepresentationType">ATHEMATIC</MDI>
    </Metadata>
  </PAMRasterBand>
  <PAMRasterBand band="48">
    <Metadata>
      <MDI key="RepresentationType">ATHEMATIC</MDI>
    </Metadata>
  </PAMRasterBand>
  <PAMRasterBand band="49">
    <Metadata>
      <MDI key="RepresentationType">ATHEMATIC</MDI>
    </Metadata>
  </PAMRasterBand>
  <PAMRasterBand band="50">
    <Metadata>
      <MDI key="RepresentationType">ATHEMATIC</MDI>
    </Metadata>
  </PAMRasterBand>
  <PAMRasterBand band="51">
    <Metadata>
      <MDI key="RepresentationType">ATHEMATIC</MDI>
    </Metadata>
  </PAMRasterBand>
  <PAMRasterBand band="52">
    <Metadata>
      <MDI key="RepresentationType">ATHEMATIC</MDI>
    </Metadata>
  </PAMRasterBand>
  <PAMRasterBand band="53">
    <Metadata>
      <MDI key="RepresentationType">ATHEMATIC</MDI>
    </Metadata>
  </PAMRasterBand>
  <PAMRasterBand band="54">
    <Metadata>
      <MDI key="RepresentationType">ATHEMATIC</MDI>
    </Metadata>
  </PAMRasterBand>
  <PAMRasterBand band="55">
    <Metadata>
      <MDI key="RepresentationType">ATHEMATIC</MDI>
    </Metadata>
  </PAMRasterBand>
  <PAMRasterBand band="56">
    <Metadata>
      <MDI key="RepresentationType">ATHEMATIC</MDI>
    </Metadata>
  </PAMRasterBand>
  <PAMRasterBand band="57">
    <Metadata>
      <MDI key="RepresentationType">ATHEMATIC</MDI>
    </Metadata>
  </PAMRasterBand>
  <PAMRasterBand band="58">
    <Metadata>
      <MDI key="RepresentationType">ATHEMATIC</MDI>
    </Metadata>
  </PAMRasterBand>
  <PAMRasterBand band="59">
    <Metadata>
      <MDI key="RepresentationType">ATHEMATIC</MDI>
    </Metadata>
  </PAMRasterBand>
  <PAMRasterBand band="60">
    <Metadata>
      <MDI key="RepresentationType">ATHEMATIC</MDI>
    </Metadata>
  </PAMRasterBand>
  <PAMRasterBand band="61">
    <Metadata>
      <MDI key="RepresentationType">ATHEMATIC</MDI>
    </Metadata>
  </PAMRasterBand>
  <PAMRasterBand band="62">
    <Metadata>
      <MDI key="RepresentationType">ATHEMATIC</MDI>
    </Metadata>
  </PAMRasterBand>
  <PAMRasterBand band="63">
    <Metadata>
      <MDI key="RepresentationType">ATHEMATIC</MDI>
    </Metadata>
  </PAMRasterBand>
  <PAMRasterBand band="64">
    <Metadata>
      <MDI key="RepresentationType">ATHEMATIC</MDI>
    </Metadata>
  </PAMRasterBand>
  <PAMRasterBand band="65">
    <Metadata>
      <MDI key="RepresentationType">ATHEMATIC</MDI>
    </Metadata>
  </PAMRasterBand>
  <PAMRasterBand band="66">
    <Metadata>
      <MDI key="RepresentationType">ATHEMATIC</MDI>
    </Metadata>
  </PAMRasterBand>
  <PAMRasterBand band="67">
    <Metadata>
      <MDI key="RepresentationType">ATHEMATIC</MDI>
    </Metadata>
  </PAMRasterBand>
  <PAMRasterBand band="68">
    <Metadata>
      <MDI key="RepresentationType">ATHEMATIC</MDI>
    </Metadata>
  </PAMRasterBand>
  <PAMRasterBand band="69">
    <Metadata>
      <MDI key="RepresentationType">ATHEMATIC</MDI>
    </Metadata>
  </PAMRasterBand>
  <PAMRasterBand band="70">
    <Metadata>
      <MDI key="RepresentationType">ATHEMATIC</MDI>
    </Metadata>
  </PAMRasterBand>
  <PAMRasterBand band="71">
    <Metadata>
      <MDI key="RepresentationType">ATHEMATIC</MDI>
    </Metadata>
  </PAMRasterBand>
  <PAMRasterBand band="72">
    <Metadata>
      <MDI key="RepresentationType">ATHEMATIC</MDI>
    </Metadata>
  </PAMRasterBand>
  <PAMRasterBand band="73">
    <Metadata>
      <MDI key="RepresentationType">ATHEMATIC</MDI>
    </Metadata>
  </PAMRasterBand>
  <PAMRasterBand band="74">
    <Metadata>
      <MDI key="RepresentationType">ATHEMATIC</MDI>
    </Metadata>
  </PAMRasterBand>
  <PAMRasterBand band="75">
    <Metadata>
      <MDI key="RepresentationType">ATHEMATIC</MDI>
    </Metadata>
  </PAMRasterBand>
  <PAMRasterBand band="76">
    <Metadata>
      <MDI key="RepresentationType">ATHEMATIC</MDI>
    </Metadata>
  </PAMRasterBand>
  <PAMRasterBand band="77">
    <Metadata>
      <MDI key="RepresentationType">ATHEMATIC</MDI>
    </Metadata>
  </PAMRasterBand>
  <PAMRasterBand band="78">
    <Metadata>
      <MDI key="RepresentationType">ATHEMATIC</MDI>
    </Metadata>
  </PAMRasterBand>
  <PAMRasterBand band="79">
    <Metadata>
      <MDI key="RepresentationType">ATHEMATIC</MDI>
    </Metadata>
  </PAMRasterBand>
  <PAMRasterBand band="80">
    <Metadata>
      <MDI key="RepresentationType">ATHEMATIC</MDI>
    </Metadata>
  </PAMRasterBand>
  <PAMRasterBand band="81">
    <Metadata>
      <MDI key="RepresentationType">ATHEMATIC</MDI>
    </Metadata>
  </PAMRasterBand>
  <PAMRasterBand band="82">
    <Metadata>
      <MDI key="RepresentationType">ATHEMATIC</MDI>
    </Metadata>
  </PAMRasterBand>
  <PAMRasterBand band="83">
    <Metadata>
      <MDI key="RepresentationType">ATHEMATIC</MDI>
    </Metadata>
  </PAMRasterBand>
  <PAMRasterBand band="84">
    <Metadata>
      <MDI key="RepresentationType">ATHEMATIC</MDI>
    </Metadata>
  </PAMRasterBand>
  <PAMRasterBand band="85">
    <Metadata>
      <MDI key="RepresentationType">ATHEMATIC</MDI>
    </Metadata>
  </PAMRasterBand>
  <PAMRasterBand band="86">
    <Metadata>
      <MDI key="RepresentationType">ATHEMATIC</MDI>
    </Metadata>
  </PAMRasterBand>
  <PAMRasterBand band="87">
    <Metadata>
      <MDI key="RepresentationType">ATHEMATIC</MDI>
    </Metadata>
  </PAMRasterBand>
  <PAMRasterBand band="88">
    <Metadata>
      <MDI key="RepresentationType">ATHEMATIC</MDI>
    </Metadata>
  </PAMRasterBand>
  <PAMRasterBand band="89">
    <Metadata>
      <MDI key="RepresentationType">ATHEMATIC</MDI>
    </Metadata>
  </PAMRasterBand>
  <PAMRasterBand band="90">
    <Metadata>
      <MDI key="RepresentationType">ATHEMATIC</MDI>
    </Metadata>
  </PAMRasterBand>
  <PAMRasterBand band="91">
    <Metadata>
      <MDI key="RepresentationType">ATHEMATIC</MDI>
    </Metadata>
  </PAMRasterBand>
  <PAMRasterBand band="92">
    <Metadata>
      <MDI key="RepresentationType">ATHEMATIC</MDI>
    </Metadata>
  </PAMRasterBand>
  <PAMRasterBand band="93">
    <Metadata>
      <MDI key="RepresentationType">ATHEMATIC</MDI>
    </Metadata>
  </PAMRasterBand>
  <PAMRasterBand band="94">
    <Metadata>
      <MDI key="RepresentationType">ATHEMATIC</MDI>
    </Metadata>
  </PAMRasterBand>
  <PAMRasterBand band="95">
    <Metadata>
      <MDI key="RepresentationType">ATHEMATIC</MDI>
    </Metadata>
  </PAMRasterBand>
  <PAMRasterBand band="96">
    <Metadata>
      <MDI key="RepresentationType">ATHEMATIC</MDI>
    </Metadata>
  </PAMRasterBand>
  <PAMRasterBand band="97">
    <Metadata>
      <MDI key="RepresentationType">ATHEMATIC</MDI>
    </Metadata>
  </PAMRasterBand>
  <PAMRasterBand band="98">
    <Metadata>
      <MDI key="RepresentationType">ATHEMATIC</MDI>
    </Metadata>
  </PAMRasterBand>
  <PAMRasterBand band="99">
    <Metadata>
      <MDI key="RepresentationType">ATHEMATIC</MDI>
    </Metadata>
  </PAMRasterBand>
  <PAMRasterBand band="100">
    <Metadata>
      <MDI key="RepresentationType">ATHEMATIC</MDI>
    </Metadata>
  </PAMRasterBand>
  <PAMRasterBand band="101">
    <Metadata>
      <MDI key="RepresentationType">ATHEMATIC</MDI>
    </Metadata>
  </PAMRasterBand>
  <PAMRasterBand band="102">
    <Metadata>
      <MDI key="RepresentationType">ATHEMATIC</MDI>
    </Metadata>
  </PAMRasterBand>
  <PAMRasterBand band="103">
    <Metadata>
      <MDI key="RepresentationType">ATHEMATIC</MDI>
    </Metadata>
  </PAMRasterBand>
  <PAMRasterBand band="104">
    <Metadata>
      <MDI key="RepresentationType">ATHEMATIC</MDI>
    </Metadata>
  </PAMRasterBand>
  <PAMRasterBand band="105">
    <Metadata>
      <MDI key="RepresentationType">ATHEMATIC</MDI>
    </Metadata>
  </PAMRasterBand>
  <PAMRasterBand band="106">
    <Metadata>
      <MDI key="RepresentationType">ATHEMATIC</MDI>
    </Metadata>
  </PAMRasterBand>
  <PAMRasterBand band="107">
    <Metadata>
      <MDI key="RepresentationType">ATHEMATIC</MDI>
    </Metadata>
  </PAMRasterBand>
  <PAMRasterBand band="108">
    <Metadata>
      <MDI key="RepresentationType">ATHEMATIC</MDI>
    </Metadata>
  </PAMRasterBand>
  <PAMRasterBand band="109">
    <Metadata>
      <MDI key="RepresentationType">ATHEMATIC</MDI>
    </Metadata>
  </PAMRasterBand>
  <PAMRasterBand band="110">
    <Metadata>
      <MDI key="RepresentationType">ATHEMATIC</MDI>
    </Metadata>
  </PAMRasterBand>
  <PAMRasterBand band="111">
    <Metadata>
      <MDI key="RepresentationType">ATHEMATIC</MDI>
    </Metadata>
  </PAMRasterBand>
  <PAMRasterBand band="112">
    <Metadata>
      <MDI key="RepresentationType">ATHEMATIC</MDI>
    </Metadata>
  </PAMRasterBand>
  <PAMRasterBand band="113">
    <Metadata>
      <MDI key="RepresentationType">ATHEMATIC</MDI>
    </Metadata>
  </PAMRasterBand>
  <PAMRasterBand band="114">
    <Metadata>
      <MDI key="RepresentationType">ATHEMATIC</MDI>
    </Metadata>
  </PAMRasterBand>
  <PAMRasterBand band="115">
    <Metadata>
      <MDI key="RepresentationType">ATHEMATIC</MDI>
    </Metadata>
  </PAMRasterBand>
  <PAMRasterBand band="116">
    <Metadata>
      <MDI key="RepresentationType">ATHEMATIC</MDI>
    </Metadata>
  </PAMRasterBand>
  <PAMRasterBand band="117">
    <Metadata>
      <MDI key="RepresentationType">ATHEMATIC</MDI>
    </Metadata>
  </PAMRasterBand>
  <PAMRasterBand band="118">
    <Metadata>
      <MDI key="RepresentationType">ATHEMATIC</MDI>
    </Metadata>
  </PAMRasterBand>
  <PAMRasterBand band="119">
    <Metadata>
      <MDI key="RepresentationType">ATHEMATIC</MDI>
    </Metadata>
  </PAMRasterBand>
  <PAMRasterBand band="120">
    <Metadata>
      <MDI key="RepresentationType">ATHEMATIC</MDI>
    </Metadata>
  </PAMRasterBand>
</PAMDataset>
